,track,artist,album,other,artist pop,track pop,track genre,duration,release date
0,burbank house,tsubi club,burbank house,"{'danceability': 0.647, 'energy': 0.732, 'key': 11, 'loudness': -4.056, 'mode': 0, 'speechiness': 0.227, 'acousticness': 0.00753, 'instrumentalness': 0, 'liveness': 0.186, 'valence': 0.935, 'tempo': 169.988, 'type': 'audio_features', 'id': '3DErMJzUrtfGUjet3xpUml', 'uri': 'spotify:track:3DErMJzUrtfGUjet3xpUml', 'track_href': 'https://api.spotify.com/v1/tracks/3DErMJzUrtfGUjet3xpUml', 'analysis_url': 'https://api.spotify.com/v1/audio-analysis/3DErMJzUrtfGUjet3xpUml', 'duration_ms': 101647, 'time_signature': 4}",32,53,hyperpop,101647,2021-10-14
1,Hug Me,Pharrell Williams,Despicable Me 3 (Original Motion Picture Soundtrack),"{'danceability': 0.842, 'energy': 0.622, 'key': 0, 'loudness': -5.437, 'mode': 1, 'speechiness': 0.0967, 'acousticness': 0.0684, 'instrumentalness': 0, 'liveness': 0.33, 'valence': 0.587, 'tempo': 139.927, 'type': 'audio_features', 'id': '6eVM9lCmIqwGTUOoeH61Lu', 'uri': 'spotify:track:6eVM9lCmIqwGTUOoeH61Lu', 'track_href': 'https://api.spotify.com/v1/tracks/6eVM9lCmIqwGTUOoeH61Lu', 'analysis_url': 'https://api.spotify.com/v1/audio-analysis/6eVM9lCmIqwGTUOoeH61Lu', 'duration_ms': 140733, 'time_signature': 4}",76,62,dance pop,140733,2017-06-23
2,Welcome to Tally Hall,Tally Hall,Marvin's Marvelous Mechanical Museum,"{'danceability': 0.714, 'energy': 0.785, 'key': 4, 'loudness': -6.682, 'mode': 1, 'speechiness': 0.278, 'acousticness': 0.111, 'instrumentalness': 1.53e-05, 'liveness': 0.31, 'valence': 0.54, 'tempo': 101.088, 'type': 'audio_features', 'id': '1xl3AuutgtES9NlHCgcKQN', 'uri': 'spotify:track:1xl3AuutgtES9NlHCgcKQN', 'track_href': 'https://api.spotify.com/v1/tracks/1xl3AuutgtES9NlHCgcKQN', 'analysis_url': 'https://api.spotify.com/v1/audio-analysis/1xl3AuutgtES9NlHCgcKQN', 'duration_ms': 310560, 'time_signature': 4}",62,50,ann arbor indie,310560,2005-10-24
3,Little Dark Age,MGMT,Little Dark Age,"{'danceability': 0.705, 'energy': 0.712, 'key': 6, 'loudness': -6.156, 'mode': 1, 'speechiness': 0.0385, 'acousticness': 0.0102, 'instrumentalness': 0.000855, 'liveness': 0.1, 'valence': 0.62, 'tempo': 97.512, 'type': 'audio_features', 'id': '2Y0iGXY6m6immVb2ktbseM', 'uri': 'spotify:track:2Y0iGXY6m6immVb2ktbseM', 'track_href': 'https://api.spotify.com/v1/tracks/2Y0iGXY6m6immVb2ktbseM', 'analysis_url': 'https://api.spotify.com/v1/audio-analysis/2Y0iGXY6m6immVb2ktbseM', 'duration_ms': 299960, 'time_signature': 4}",71,78,alternative rock,299960,2018-02-09
4,NEW MAGIC WAND,"Tyler, The Creator",IGOR,"{'danceability': 0.621, 'energy': 0.73, 'key': 5, 'loudness': -5.414, 'mode': 0, 'speechiness': 0.107, 'acousticness': 0.0967, 'instrumentalness': 0.000131, 'liveness': 0.673, 'valence': 0.464, 'tempo': 139.566, 'type': 'audio_features', 'id': '0fv2KH6hac06J86hBUTcSf', 'uri': 'spotify:track:0fv2KH6hac06J86hBUTcSf', 'track_href': 'https://api.spotify.com/v1/tracks/0fv2KH6hac06J86hBUTcSf', 'analysis_url': 'https://api.spotify.com/v1/audio-analysis/0fv2KH6hac06J86hBUTcSf', 'duration_ms': 195320, 'time_signature': 4}",82,81,hip hop,195320,2019-05-17
5,Numbers,TEMPOREX,Numbers,"{'danceability': 0.423, 'energy': 0.332, 'key': 6, 'loudness': -10.761, 'mode': 1, 'speechiness': 0.0288, 'acousticness': 0.474, 'instrumentalness': 0, 'liveness': 0.0993, 'valence': 0.5, 'tempo': 93.958, 'type': 'audio_features', 'id': '4GuZMzKXJSoWhwHUqRa0fm', 'uri': 'spotify:track:4GuZMzKXJSoWhwHUqRa0fm', 'track_href': 'https://api.spotify.com/v1/tracks/4GuZMzKXJSoWhwHUqRa0fm', 'analysis_url': 'https://api.spotify.com/v1/audio-analysis/4GuZMzKXJSoWhwHUqRa0fm', 'duration_ms': 127973, 'time_signature': 4}",52,69,bedroom pop,127972,2017-05-16
6,Lawnmower,Lemon Demon,Dinosaurchestra,"{'danceability': 0.705, 'energy': 0.58, 'key': 0, 'loudness': -10.048, 'mode': 1, 'speechiness': 0.048, 'acousticness': 0.442, 'instrumentalness': 0.112, 'liveness': 0.0999, 'valence': 0.802, 'tempo': 83.0, 'type': 'audio_features', 'id': '3NiEYeUNaYZBWPNETqac1I', 'uri': 'spotify:track:3NiEYeUNaYZBWPNETqac1I', 'track_href': 'https://api.spotify.com/v1/tracks/3NiEYeUNaYZBWPNETqac1I', 'analysis_url': 'https://api.spotify.com/v1/audio-analysis/3NiEYeUNaYZBWPNETqac1I', 'duration_ms': 193849, 'time_signature': 4}",59,42,indietronica,193848,2006-07-20
7,Lovers Rock,TV Girl,French Exit,"{'danceability': 0.559, 'energy': 0.871, 'key': 5, 'loudness': -5.338, 'mode': 0, 'speechiness': 0.0397, 'acousticness': 7.53e-06, 'instrumentalness': 0.00545, 'liveness': 0.096, 'valence': 0.572, 'tempo': 104.97, 'type': 'audio_features', 'id': '6dBUzqjtbnIa1TwYbyw5CM', 'uri': 'spotify:track:6dBUzqjtbnIa1TwYbyw5CM', 'track_href': 'https://api.spotify.com/v1/tracks/6dBUzqjtbnIa1TwYbyw5CM', 'analysis_url': 'https://api.spotify.com/v1/audio-analysis/6dBUzqjtbnIa1TwYbyw5CM', 'duration_ms': 213920, 'time_signature': 4}",79,88,pov: indie,213920,2014-06-05
8,Sad Clown,Panic! At The Disco,Viva Las Vengeance,"{'danceability': 0.435, 'energy': 0.852, 'key': 10, 'loudness': -5.507, 'mode': 1, 'speechiness': 0.108, 'acousticness': 7.1e-05, 'instrumentalness': 0.000863, 'liveness': 0.113, 'valence': 0.373, 'tempo': 144.815, 'type': 'audio_features', 'id': '6dXgd9fAFuvPZClNaldbLe', 'uri': 'spotify:track:6dXgd9fAFuvPZClNaldbLe', 'track_href': 'https://api.spotify.com/v1/tracks/6dXgd9fAFuvPZClNaldbLe', 'analysis_url': 'https://api.spotify.com/v1/audio-analysis/6dXgd9fAFuvPZClNaldbLe', 'duration_ms': 226069, 'time_signature': 4}",74,40,modern rock,226069,2022-08-19
9,I Must Apologise,PinkPantheress,to hell with it,"{'danceability': 0.616, 'energy': 0.856, 'key': 9, 'loudness': -6.098, 'mode': 1, 'speechiness': 0.0457, 'acousticness': 0.516, 'instrumentalness': 0.0652, 'liveness': 0.245, 'valence': 0.75, 'tempo': 157.109, 'type': 'audio_features', 'id': '2rrq3SGYxk90xLx5fMmPhZ', 'uri': 'spotify:track:2rrq3SGYxk90xLx5fMmPhZ', 'track_href': 'https://api.spotify.com/v1/tracks/2rrq3SGYxk90xLx5fMmPhZ', 'analysis_url': 'https://api.spotify.com/v1/audio-analysis/2rrq3SGYxk90xLx5fMmPhZ', 'duration_ms': 108373, 'time_signature': 4}",72,72,bedroom pop,108373,2021-10-15
10,"Marsha, Thankk You for the Dialectics, but I Need You to Leave",Will Wood,The Normal Album,"{'danceability': 0.306, 'energy': 0.832, 'key': 0, 'loudness': -7.766, 'mode': 1, 'speechiness': 0.0826, 'acousticness': 0.132, 'instrumentalness': 7.82e-06, 'liveness': 0.0872, 'valence': 0.326, 'tempo': 166.995, 'type': 'audio_features', 'id': '0frg99CmmIkDNRm15gMoGY', 'uri': 'spotify:track:0frg99CmmIkDNRm15gMoGY', 'track_href': 'https://api.spotify.com/v1/tracks/0frg99CmmIkDNRm15gMoGY', 'analysis_url': 'https://api.spotify.com/v1/audio-analysis/0frg99CmmIkDNRm15gMoGY', 'duration_ms': 319768, 'time_signature': 4}",58,50,pov: indie,319768,2020-07-10
11,BlackBoxWarrior - OKULTRA,Will Wood,The Normal Album,"{'danceability': 0.606, 'energy': 0.916, 'key': 2, 'loudness': -7.051, 'mode': 1, 'speechiness': 0.106, 'acousticness': 0.108, 'instrumentalness': 2.2e-05, 'liveness': 0.136, 'valence': 0.583, 'tempo': 161.121, 'type': 'audio_features', 'id': '1WeNLbQCDJ1JnF5LjReC8t', 'uri': 'spotify:track:1WeNLbQCDJ1JnF5LjReC8t', 'track_href': 'https://api.spotify.com/v1/tracks/1WeNLbQCDJ1JnF5LjReC8t', 'analysis_url': 'https://api.spotify.com/v1/audio-analysis/1WeNLbQCDJ1JnF5LjReC8t', 'duration_ms': 294138, 'time_signature': 4}",58,54,pov: indie,294138,2020-07-10
12,"Love, Me Normally",Will Wood,The Normal Album,"{'danceability': 0.588, 'energy': 0.633, 'key': 5, 'loudness': -7.255, 'mode': 1, 'speechiness': 0.0447, 'acousticness': 0.397, 'instrumentalness': 0, 'liveness': 0.322, 'valence': 0.506, 'tempo': 112.553, 'type': 'audio_features', 'id': '49StY6V4Cus0xM0GhieSrT', 'uri': 'spotify:track:49StY6V4Cus0xM0GhieSrT', 'track_href': 'https://api.spotify.com/v1/tracks/49StY6V4Cus0xM0GhieSrT', 'analysis_url': 'https://api.spotify.com/v1/audio-analysis/49StY6V4Cus0xM0GhieSrT', 'duration_ms': 344267, 'time_signature': 3}",58,57,pov: indie,344266,2020-07-10
13,"Hand Me My Shovel, I'm Going In! - 2020 Remastered Version",Will Wood and the Tapeworms,SELF-iSH (2020 Remastered Version),"{'danceability': 0.335, 'energy': 0.932, 'key': 4, 'loudness': -3.997, 'mode': 0, 'speechiness': 0.0883, 'acousticness': 0.477, 'instrumentalness': 0.000151, 'liveness': 0.298, 'valence': 0.294, 'tempo': 124.95, 'type': 'audio_features', 'id': '2tEKHGZKH3L8Gt1gvp7U15', 'uri': 'spotify:track:2tEKHGZKH3L8Gt1gvp7U15', 'track_href': 'https://api.spotify.com/v1/tracks/2tEKHGZKH3L8Gt1gvp7U15', 'analysis_url': 'https://api.spotify.com/v1/audio-analysis/2tEKHGZKH3L8Gt1gvp7U15', 'duration_ms': 351096, 'time_signature': 4}",53,49,new jersey indie,351095,2020-12-25
14,Jealous,Eyedress,Jealous,"{'danceability': 0.474, 'energy': 0.921, 'key': 9, 'loudness': -10.431, 'mode': 0, 'speechiness': 0.0457, 'acousticness': 0.00491, 'instrumentalness': 0.85, 'liveness': 0.476, 'valence': 0.696, 'tempo': 93.01, 'type': 'audio_features', 'id': '1aXV8GrmQLvgoFtBPERP7E', 'uri': 'spotify:track:1aXV8GrmQLvgoFtBPERP7E', 'track_href': 'https://api.spotify.com/v1/tracks/1aXV8GrmQLvgoFtBPERP7E', 'analysis_url': 'https://api.spotify.com/v1/audio-analysis/1aXV8GrmQLvgoFtBPERP7E', 'duration_ms': 122339, 'time_signature': 4}",73,85,noise pop,122338,2019-12-06
15,Not Allowed,TV Girl,Who Really Cares,"{'danceability': 0.67, 'energy': 0.905, 'key': 1, 'loudness': -6.855, 'mode': 1, 'speechiness': 0.129, 'acousticness': 0.669, 'instrumentalness': 0.000227, 'liveness': 0.349, 'valence': 0.563, 'tempo': 104.965, 'type': 'audio_features', 'id': '3IznIgmXtrUaoPWpQTy5jB', 'uri': 'spotify:track:3IznIgmXtrUaoPWpQTy5jB', 'track_href': 'https://api.spotify.com/v1/tracks/3IznIgmXtrUaoPWpQTy5jB', 'analysis_url': 'https://api.spotify.com/v1/audio-analysis/3IznIgmXtrUaoPWpQTy5jB', 'duration_ms': 167864, 'time_signature': 4}",79,86,pov: indie,167864,2016-02-25
16,movie,KevinKempt,movie,"{'danceability': 0.777, 'energy': 0.41, 'key': 1, 'loudness': -9.012, 'mode': 1, 'speechiness': 0.356, 'acousticness': 0.543, 'instrumentalness': 0.000244, 'liveness': 0.6, 'valence': 0.699, 'tempo': 89.982, 'type': 'audio_features', 'id': '6zdocltjmUn9qGpXHfoEKC', 'uri': 'spotify:track:6zdocltjmUn9qGpXHfoEKC', 'track_href': 'https://api.spotify.com/v1/tracks/6zdocltjmUn9qGpXHfoEKC', 'analysis_url': 'https://api.spotify.com/v1/audio-analysis/6zdocltjmUn9qGpXHfoEKC', 'duration_ms': 128014, 'time_signature': 4}",33,35,weirdcore,128013,2021-04-18
17,Sleepyhead,Passion Pit,Manners,"{'danceability': 0.568, 'energy': 0.719, 'key': 8, 'loudness': -5.406, 'mode': 1, 'speechiness': 0.0354, 'acousticness': 0.0892, 'instrumentalness': 1.84e-06, 'liveness': 0.233, 'valence': 0.539, 'tempo': 106.036, 'type': 'audio_features', 'id': '4prEPl61C8qZpeo3IkYSMl', 'uri': 'spotify:track:4prEPl61C8qZpeo3IkYSMl', 'track_href': 'https://api.spotify.com/v1/tracks/4prEPl61C8qZpeo3IkYSMl', 'analysis_url': 'https://api.spotify.com/v1/audio-analysis/4prEPl61C8qZpeo3IkYSMl', 'duration_ms': 174760, 'time_signature': 4}",54,65,indie rock,174760,2009
18,ARE WE STILL FRIENDS?,"Tyler, The Creator",IGOR,"{'danceability': 0.216, 'energy': 0.497, 'key': 10, 'loudness': -8.025, 'mode': 1, 'speechiness': 0.0371, 'acousticness': 0.128, 'instrumentalness': 2.39e-06, 'liveness': 0.111, 'valence': 0.313, 'tempo': 187.308, 'type': 'audio_features', 'id': '5TxRUOsGeWeRl3xOML59Ai', 'uri': 'spotify:track:5TxRUOsGeWeRl3xOML59Ai', 'track_href': 'https://api.spotify.com/v1/tracks/5TxRUOsGeWeRl3xOML59Ai', 'analysis_url': 'https://api.spotify.com/v1/audio-analysis/5TxRUOsGeWeRl3xOML59Ai', 'duration_ms': 265480, 'time_signature': 3}",82,81,hip hop,265480,2019-05-17
19,Turtleneck Sweater,marinelli,Turtleneck Sweater,"{'danceability': 0.707, 'energy': 0.658, 'key': 4, 'loudness': -5.442, 'mode': 1, 'speechiness': 0.0426, 'acousticness': 0.192, 'instrumentalness': 0.195, 'liveness': 0.0689, 'valence': 0.787, 'tempo': 145.059, 'type': 'audio_features', 'id': '2QHTcXI19lvcVrkVeADxa5', 'uri': 'spotify:track:2QHTcXI19lvcVrkVeADxa5', 'track_href': 'https://api.spotify.com/v1/tracks/2QHTcXI19lvcVrkVeADxa5', 'analysis_url': 'https://api.spotify.com/v1/audio-analysis/2QHTcXI19lvcVrkVeADxa5', 'duration_ms': 150038, 'time_signature': 4}",27,0,modern indie pop,150038,2020-02-20
20,"GONE, GONE / THANK YOU","Tyler, The Creator",IGOR,"{'danceability': 0.518, 'energy': 0.492, 'key': 10, 'loudness': -8.436, 'mode': 0, 'speechiness': 0.193, 'acousticness': 0.216, 'instrumentalness': 0.0012, 'liveness': 0.146, 'valence': 0.471, 'tempo': 78.848, 'type': 'audio_features', 'id': '1hz7SRTGUNAtIQ46qiNv2p', 'uri': 'spotify:track:1hz7SRTGUNAtIQ46qiNv2p', 'track_href': 'https://api.spotify.com/v1/tracks/1hz7SRTGUNAtIQ46qiNv2p', 'analysis_url': 'https://api.spotify.com/v1/audio-analysis/1hz7SRTGUNAtIQ46qiNv2p', 'duration_ms': 375387, 'time_signature': 4}",82,76,hip hop,375386,2019-05-17
21,Never,Mag.Lo,Never,"{'danceability': 0.519, 'energy': 0.637, 'key': 9, 'loudness': -7.215, 'mode': 0, 'speechiness': 0.113, 'acousticness': 0.834, 'instrumentalness': 0.517, 'liveness': 0.114, 'valence': 0.114, 'tempo': 110.174, 'type': 'audio_features', 'id': '7fwE3Nr0RsTzYOocfu2XbV', 'uri': 'spotify:track:7fwE3Nr0RsTzYOocfu2XbV', 'track_href': 'https://api.spotify.com/v1/tracks/7fwE3Nr0RsTzYOocfu2XbV', 'analysis_url': 'https://api.spotify.com/v1/audio-analysis/7fwE3Nr0RsTzYOocfu2XbV', 'duration_ms': 384116, 'time_signature': 3}",45,64,nerdcore,384116,2016-02-01
22,Are You OK?,Wasuremono,Are You OK?,"{'danceability': 0.478, 'energy': 0.684, 'key': 1, 'loudness': -3.316, 'mode': 1, 'speechiness': 0.0402, 'acousticness': 0.338, 'instrumentalness': 0.34, 'liveness': 0.35, 'valence': 0.647, 'tempo': 162.562, 'type': 'audio_features', 'id': '1sygfNN1Uw3kWlmTqC3PJY', 'uri': 'spotify:track:1sygfNN1Uw3kWlmTqC3PJY', 'track_href': 'https://api.spotify.com/v1/tracks/1sygfNN1Uw3kWlmTqC3PJY', 'analysis_url': 'https://api.spotify.com/v1/audio-analysis/1sygfNN1Uw3kWlmTqC3PJY', 'duration_ms': 263734, 'time_signature': 4}",25,41,bristol indie,263733,2019-06-14
23,Nice Boys,TEMPOREX,Care,"{'danceability': 0.557, 'energy': 0.672, 'key': 2, 'loudness': -10.802, 'mode': 1, 'speechiness': 0.104, 'acousticness': 0.478, 'instrumentalness': 0.803, 'liveness': 0.223, 'valence': 0.324, 'tempo': 75.108, 'type': 'audio_features', 'id': '6uuBSo3wXnosEWVXRzZDTf', 'uri': 'spotify:track:6uuBSo3wXnosEWVXRzZDTf', 'track_href': 'https://api.spotify.com/v1/tracks/6uuBSo3wXnosEWVXRzZDTf', 'analysis_url': 'https://api.spotify.com/v1/audio-analysis/6uuBSo3wXnosEWVXRzZDTf', 'duration_ms': 180800, 'time_signature': 4}",52,62,bedroom pop,180800,2017-01-11
24,classic j dies and goes to hell part 1,glass beach,the first glass beach album,"{'danceability': 0.235, 'energy': 0.702, 'key': 0, 'loudness': -5.112, 'mode': 0, 'speechiness': 0.0588, 'acousticness': 0.00985, 'instrumentalness': 0.000184, 'liveness': 0.326, 'valence': 0.215, 'tempo': 80.013, 'type': 'audio_features', 'id': '3ezuOjWuTirncJITAb8ahf', 'uri': 'spotify:track:3ezuOjWuTirncJITAb8ahf', 'track_href': 'https://api.spotify.com/v1/tracks/3ezuOjWuTirncJITAb8ahf', 'analysis_url': 'https://api.spotify.com/v1/audio-analysis/3ezuOjWuTirncJITAb8ahf', 'duration_ms': 304145, 'time_signature': 4}",48,46,5th wave emo,304144,2019-05-18
25,Poor Grammar,Roar,I'm Not Here to Make Friends,"{'danceability': 0.469, 'energy': 0.64, 'key': 2, 'loudness': -6.3, 'mode': 0, 'speechiness': 0.0354, 'acousticness': 0.612, 'instrumentalness': 0.00133, 'liveness': 0.133, 'valence': 0.49, 'tempo': 171.905, 'type': 'audio_features', 'id': '1Tdcb66Gwr5sczO5CJhmPc', 'uri': 'spotify:track:1Tdcb66Gwr5sczO5CJhmPc', 'track_href': 'https://api.spotify.com/v1/tracks/1Tdcb66Gwr5sczO5CJhmPc', 'analysis_url': 'https://api.spotify.com/v1/audio-analysis/1Tdcb66Gwr5sczO5CJhmPc', 'duration_ms': 156907, 'time_signature': 4}",62,59,pov: indie,156906,2012-02-28
26,Who Am I?,Mag.Lo,Never,"{'danceability': 0.743, 'energy': 0.699, 'key': 11, 'loudness': -5.932, 'mode': 1, 'speechiness': 0.0619, 'acousticness': 0.101, 'instrumentalness': 7.31e-06, 'liveness': 0.0721, 'valence': 0.825, 'tempo': 134.985, 'type': 'audio_features', 'id': '2brORNtE8KgsbATe57jTPC', 'uri': 'spotify:track:2brORNtE8KgsbATe57jTPC', 'track_href': 'https://api.spotify.com/v1/tracks/2brORNtE8KgsbATe57jTPC', 'analysis_url': 'https://api.spotify.com/v1/audio-analysis/2brORNtE8KgsbATe57jTPC', 'duration_ms': 256063, 'time_signature': 4}",45,36,nerdcore,256062,2016-02-01
27,WAYS OF A TAINTED EARTH,Mag.Lo,WAYS OF A TAINTED EARTH,"{'danceability': 0.744, 'energy': 0.442, 'key': 3, 'loudness': -9.896, 'mode': 1, 'speechiness': 0.0384, 'acousticness': 0.605, 'instrumentalness': 0.000386, 'liveness': 0.137, 'valence': 0.281, 'tempo': 98.031, 'type': 'audio_features', 'id': '46Ti65arYFXeRIjjR65Zob', 'uri': 'spotify:track:46Ti65arYFXeRIjjR65Zob', 'track_href': 'https://api.spotify.com/v1/tracks/46Ti65arYFXeRIjjR65Zob', 'analysis_url': 'https://api.spotify.com/v1/audio-analysis/46Ti65arYFXeRIjjR65Zob', 'duration_ms': 113487, 'time_signature': 4}",45,29,nerdcore,113486,2021-02-05
28,Take A Slice,Glass Animals,How To Be A Human Being,"{'danceability': 0.623, 'energy': 0.661, 'key': 9, 'loudness': -7.0, 'mode': 1, 'speechiness': 0.1, 'acousticness': 0.0212, 'instrumentalness': 0.000229, 'liveness': 0.267, 'valence': 0.63, 'tempo': 151.97, 'type': 'audio_features', 'id': '37adYGaYaAWTGhBaOzX4Fh', 'uri': 'spotify:track:37adYGaYaAWTGhBaOzX4Fh', 'track_href': 'https://api.spotify.com/v1/tracks/37adYGaYaAWTGhBaOzX4Fh', 'analysis_url': 'https://api.spotify.com/v1/audio-analysis/37adYGaYaAWTGhBaOzX4Fh', 'duration_ms': 229718, 'time_signature': 4}",72,66,gauze pop,229717,2016-08-26
29,Impostor Syndrome,Sidney Gish,No Dogs Allowed,"{'danceability': 0.717, 'energy': 0.567, 'key': 7, 'loudness': -9.166, 'mode': 1, 'speechiness': 0.0329, 'acousticness': 0.6, 'instrumentalness': 4.85e-06, 'liveness': 0.205, 'valence': 0.728, 'tempo': 114.976, 'type': 'audio_features', 'id': '3bpGAsjsCIMTz98E7injb2', 'uri': 'spotify:track:3bpGAsjsCIMTz98E7injb2', 'track_href': 'https://api.spotify.com/v1/tracks/3bpGAsjsCIMTz98E7injb2', 'analysis_url': 'https://api.spotify.com/v1/audio-analysis/3bpGAsjsCIMTz98E7injb2', 'duration_ms': 294261, 'time_signature': 4}",40,42,bedroom pop,294260,2017-12-31
30,Look Who’s Inside Again,Bo Burnham,Inside (The Songs),"{'danceability': 0.643, 'energy': 0.331, 'key': 2, 'loudness': -9.235, 'mode': 1, 'speechiness': 0.0387, 'acousticness': 0.761, 'instrumentalness': 0, 'liveness': 0.373, 'valence': 0.648, 'tempo': 160.006, 'type': 'audio_features', 'id': '7d8dqy6GbiUqotcTSs0jXg', 'uri': 'spotify:track:7d8dqy6GbiUqotcTSs0jXg', 'track_href': 'https://api.spotify.com/v1/tracks/7d8dqy6GbiUqotcTSs0jXg', 'analysis_url': 'https://api.spotify.com/v1/audio-analysis/7d8dqy6GbiUqotcTSs0jXg', 'duration_ms': 83422, 'time_signature': 3}",64,0,comic,83421,2021-06-10
31,Emperor's New Clothes,Panic! At The Disco,Death of a Bachelor,"{'danceability': 0.562, 'energy': 0.904, 'key': 1, 'loudness': -4.947, 'mode': 1, 'speechiness': 0.0807, 'acousticness': 0.00302, 'instrumentalness': 0, 'liveness': 0.0433, 'valence': 0.651, 'tempo': 94.481, 'type': 'audio_features', 'id': '3px2rAPu74ltbkf9eZsZ8h', 'uri': 'spotify:track:3px2rAPu74ltbkf9eZsZ8h', 'track_href': 'https://api.spotify.com/v1/tracks/3px2rAPu74ltbkf9eZsZ8h', 'analysis_url': 'https://api.spotify.com/v1/audio-analysis/3px2rAPu74ltbkf9eZsZ8h', 'duration_ms': 158667, 'time_signature': 4}",74,70,modern rock,158666,2016-01-15
32,I Am Shit,Crywank,Tomorrow Is Nearly Yesterday and Everyday Is Stupid,"{'danceability': 0.578, 'energy': 0.598, 'key': 9, 'loudness': -12.085, 'mode': 1, 'speechiness': 0.0323, 'acousticness': 0.796, 'instrumentalness': 4.36e-06, 'liveness': 0.131, 'valence': 0.765, 'tempo': 154.391, 'type': 'audio_features', 'id': '6gnveYzJf52Ob4NUXFhtJp', 'uri': 'spotify:track:6gnveYzJf52Ob4NUXFhtJp', 'track_href': 'https://api.spotify.com/v1/tracks/6gnveYzJf52Ob4NUXFhtJp', 'analysis_url': 'https://api.spotify.com/v1/audio-analysis/6gnveYzJf52Ob4NUXFhtJp', 'duration_ms': 128667, 'time_signature': 4}",45,44,pov: indie,128666,2015-09-25
33,Hey Kids,Molina,Hey Kids,"{'danceability': 0.581, 'energy': 0.533, 'key': 4, 'loudness': -8.433, 'mode': 0, 'speechiness': 0.0274, 'acousticness': 0.0217, 'instrumentalness': 0.00539, 'liveness': 0.259, 'valence': 0.466, 'tempo': 87.017, 'type': 'audio_features', 'id': '5poS8LyxohSACjuIZ61EyS', 'uri': 'spotify:track:5poS8LyxohSACjuIZ61EyS', 'track_href': 'https://api.spotify.com/v1/tracks/5poS8LyxohSACjuIZ61EyS', 'analysis_url': 'https://api.spotify.com/v1/audio-analysis/5poS8LyxohSACjuIZ61EyS', 'duration_ms': 233375, 'time_signature': 4}",44,65,danish indie pop,233374,2018-04-20
34,Small World,Jack Stauber,HiLo,"{'danceability': 0.602, 'energy': 0.542, 'key': 0, 'loudness': -8.382, 'mode': 0, 'speechiness': 0.0415, 'acousticness': 0.276, 'instrumentalness': 0.253, 'liveness': 0.473, 'valence': 0.925, 'tempo': 157.079, 'type': 'audio_features', 'id': '7fMLl1RrqGd1l0rrXRIz9U', 'uri': 'spotify:track:7fMLl1RrqGd1l0rrXRIz9U', 'track_href': 'https://api.spotify.com/v1/tracks/7fMLl1RrqGd1l0rrXRIz9U', 'analysis_url': 'https://api.spotify.com/v1/audio-analysis/7fMLl1RrqGd1l0rrXRIz9U', 'duration_ms': 186592, 'time_signature': 4}",56,54,hypnagogic pop,186592,2018-04-14
35,Just Take My Wallet,Jack Stauber's Micropop,Micropop,"{'danceability': 0.566, 'energy': 0.147, 'key': 0, 'loudness': -16.866, 'mode': 1, 'speechiness': 0.0817, 'acousticness': 0.956, 'instrumentalness': 0.755, 'liveness': 0.115, 'valence': 0.21, 'tempo': 183.776, 'type': 'audio_features', 'id': '2dNKGg5Nn1JNVH1GRd41bp', 'uri': 'spotify:track:2dNKGg5Nn1JNVH1GRd41bp', 'track_href': 'https://api.spotify.com/v1/tracks/2dNKGg5Nn1JNVH1GRd41bp', 'analysis_url': 'https://api.spotify.com/v1/audio-analysis/2dNKGg5Nn1JNVH1GRd41bp', 'duration_ms': 79942, 'time_signature': 5}",63,68,pov: indie,79942,2019-05-30
36,Rhinestone Eyes,Gorillaz,Plastic Beach,"{'danceability': 0.676, 'energy': 0.703, 'key': 8, 'loudness': -5.815, 'mode': 0, 'speechiness': 0.0302, 'acousticness': 0.0869, 'instrumentalness': 0.000687, 'liveness': 0.0463, 'valence': 0.852, 'tempo': 92.761, 'type': 'audio_features', 'id': '1foMv2HQwfQ2vntFf9HFeG', 'uri': 'spotify:track:1foMv2HQwfQ2vntFf9HFeG', 'track_href': 'https://api.spotify.com/v1/tracks/1foMv2HQwfQ2vntFf9HFeG', 'analysis_url': 'https://api.spotify.com/v1/audio-analysis/1foMv2HQwfQ2vntFf9HFeG', 'duration_ms': 200173, 'time_signature': 4}",76,76,alternative hip hop,200173,2010-03-03
37,Nobody,Mitski,Be the Cowboy,"{'danceability': 0.398, 'energy': 0.717, 'key': 0, 'loudness': -5.253, 'mode': 1, 'speechiness': 0.0398, 'acousticness': 0.07, 'instrumentalness': 0, 'liveness': 0.085, 'valence': 0.487, 'tempo': 117.296, 'type': 'audio_features', 'id': '2P5yIMu2DNeMXTyOANKS6k', 'uri': 'spotify:track:2P5yIMu2DNeMXTyOANKS6k', 'track_href': 'https://api.spotify.com/v1/tracks/2P5yIMu2DNeMXTyOANKS6k', 'analysis_url': 'https://api.spotify.com/v1/audio-analysis/2P5yIMu2DNeMXTyOANKS6k', 'duration_ms': 193429, 'time_signature': 4}",80,77,brooklyn indie,193429,2018-08-17
38,sometimes,bo en,sometimes,"{'danceability': 0.553, 'energy': 0.558, 'key': 0, 'loudness': -5.51, 'mode': 1, 'speechiness': 0.0335, 'acousticness': 0.498, 'instrumentalness': 0, 'liveness': 0.233, 'valence': 0.441, 'tempo': 80.032, 'type': 'audio_features', 'id': '0WXElrzJXmGqznESwpm3M6', 'uri': 'spotify:track:0WXElrzJXmGqznESwpm3M6', 'track_href': 'https://api.spotify.com/v1/tracks/0WXElrzJXmGqznESwpm3M6', 'analysis_url': 'https://api.spotify.com/v1/audio-analysis/0WXElrzJXmGqznESwpm3M6', 'duration_ms': 299500, 'time_signature': 3}",45,38,experimental pop,299500,2016-11-01
39,By the Phone,bo en,By the Phone,"{'danceability': 0.671, 'energy': 0.503, 'key': 11, 'loudness': -8.264, 'mode': 1, 'speechiness': 0.0598, 'acousticness': 0.00127, 'instrumentalness': 0.081, 'liveness': 0.845, 'valence': 0.648, 'tempo': 154.618, 'type': 'audio_features', 'id': '4mu88k9sVKtlvbldqe5vrC', 'uri': 'spotify:track:4mu88k9sVKtlvbldqe5vrC', 'track_href': 'https://api.spotify.com/v1/tracks/4mu88k9sVKtlvbldqe5vrC', 'analysis_url': 'https://api.spotify.com/v1/audio-analysis/4mu88k9sVKtlvbldqe5vrC', 'duration_ms': 182125, 'time_signature': 4}",45,37,experimental pop,182125,2015-12-03
40,I'd Rather Sleep,Kero Kero Bonito,Intro Bonito,"{'danceability': 0.766, 'energy': 0.58, 'key': 10, 'loudness': -7.051, 'mode': 1, 'speechiness': 0.0496, 'acousticness': 0.0109, 'instrumentalness': 0.337, 'liveness': 0.145, 'valence': 0.852, 'tempo': 142.048, 'type': 'audio_features', 'id': '614cx8ZtQJX7jRIBnUhPA7', 'uri': 'spotify:track:614cx8ZtQJX7jRIBnUhPA7', 'track_href': 'https://api.spotify.com/v1/tracks/614cx8ZtQJX7jRIBnUhPA7', 'analysis_url': 'https://api.spotify.com/v1/audio-analysis/614cx8ZtQJX7jRIBnUhPA7', 'duration_ms': 115352, 'time_signature': 4}",51,64,escape room,115352,2014-08-25
41,Dead Weight,Jack Stauber,HiLo,"{'danceability': 0.643, 'energy': 0.492, 'key': 4, 'loudness': -9.314, 'mode': 0, 'speechiness': 0.0387, 'acousticness': 0.181, 'instrumentalness': 0.033, 'liveness': 0.798, 'valence': 0.601, 'tempo': 107.954, 'type': 'audio_features', 'id': '5yhQS5ce3WebABcdngULA8', 'uri': 'spotify:track:5yhQS5ce3WebABcdngULA8', 'track_href': 'https://api.spotify.com/v1/tracks/5yhQS5ce3WebABcdngULA8', 'analysis_url': 'https://api.spotify.com/v1/audio-analysis/5yhQS5ce3WebABcdngULA8', 'duration_ms': 186105, 'time_signature': 4}",56,58,hypnagogic pop,186105,2018-04-14
42,Hot Rod,Dayglow,Fuzzybrain,"{'danceability': 0.707, 'energy': 0.767, 'key': 7, 'loudness': -7.072, 'mode': 1, 'speechiness': 0.0323, 'acousticness': 0.0279, 'instrumentalness': 0.000295, 'liveness': 0.169, 'valence': 0.832, 'tempo': 139.985, 'type': 'audio_features', 'id': '0zePbRMJ9sd7wsZRlbPQua', 'uri': 'spotify:track:0zePbRMJ9sd7wsZRlbPQua', 'track_href': 'https://api.spotify.com/v1/tracks/0zePbRMJ9sd7wsZRlbPQua', 'analysis_url': 'https://api.spotify.com/v1/audio-analysis/0zePbRMJ9sd7wsZRlbPQua', 'duration_ms': 204014, 'time_signature': 4}",62,0,austindie,204014,2019-11-14
43,Run the World!!!,Dayglow,Fuzzybrain,"{'danceability': 0.706, 'energy': 0.631, 'key': 0, 'loudness': -7.711, 'mode': 1, 'speechiness': 0.0553, 'acousticness': 0.158, 'instrumentalness': 0.000607, 'liveness': 0.0374, 'valence': 0.424, 'tempo': 160.064, 'type': 'audio_features', 'id': '0AsUVUloJ52ZCXmqrMFgOI', 'uri': 'spotify:track:0AsUVUloJ52ZCXmqrMFgOI', 'track_href': 'https://api.spotify.com/v1/tracks/0AsUVUloJ52ZCXmqrMFgOI', 'analysis_url': 'https://api.spotify.com/v1/audio-analysis/0AsUVUloJ52ZCXmqrMFgOI', 'duration_ms': 176250, 'time_signature': 4}",62,0,austindie,176250,2019-11-14
44,I Love You So,The Walters,Songs for Dads,"{'danceability': 0.578, 'energy': 0.669, 'key': 10, 'loudness': -4.898, 'mode': 1, 'speechiness': 0.0377, 'acousticness': 0.65, 'instrumentalness': 0, 'liveness': 0.13, 'valence': 0.503, 'tempo': 75.995, 'type': 'audio_features', 'id': '1175r6ZmkUjX8dRJLz9Ohk', 'uri': 'spotify:track:1175r6ZmkUjX8dRJLz9Ohk', 'track_href': 'https://api.spotify.com/v1/tracks/1175r6ZmkUjX8dRJLz9Ohk', 'analysis_url': 'https://api.spotify.com/v1/audio-analysis/1175r6ZmkUjX8dRJLz9Ohk', 'duration_ms': 160254, 'time_signature': 4}",68,0,chicago indie,160253,2014-11-28
45,I Want to Be Your Boyfriend,Hot Freaks,Hot Freaks,"{'danceability': 0.591, 'energy': 0.894, 'key': 1, 'loudness': -2.509, 'mode': 1, 'speechiness': 0.0394, 'acousticness': 0.0619, 'instrumentalness': 1.78e-06, 'liveness': 0.356, 'valence': 0.739, 'tempo': 122.009, 'type': 'audio_features', 'id': '58wjGqSPMBTPV9Pnhru46G', 'uri': 'spotify:track:58wjGqSPMBTPV9Pnhru46G', 'track_href': 'https://api.spotify.com/v1/tracks/58wjGqSPMBTPV9Pnhru46G', 'analysis_url': 'https://api.spotify.com/v1/audio-analysis/58wjGqSPMBTPV9Pnhru46G', 'duration_ms': 156787, 'time_signature': 4}",51,0,pov: indie,156786,2013-06-14
46,Never Wanna Fall in Love With U,nelward,Never Wanna Fall in Love With U,"{'danceability': 0.924, 'energy': 0.592, 'key': 1, 'loudness': -6.898, 'mode': 1, 'speechiness': 0.0448, 'acousticness': 0.028, 'instrumentalness': 5.37e-06, 'liveness': 0.138, 'valence': 0.968, 'tempo': 93.0, 'type': 'audio_features', 'id': '5w7LSuYZNCeCpi2Ytisska', 'uri': 'spotify:track:5w7LSuYZNCeCpi2Ytisska', 'track_href': 'https://api.spotify.com/v1/tracks/5w7LSuYZNCeCpi2Ytisska', 'analysis_url': 'https://api.spotify.com/v1/audio-analysis/5w7LSuYZNCeCpi2Ytisska', 'duration_ms': 181301, 'time_signature': 4}",39,48,sillycore,181301,2020-02-05
47,I'm Just a Buzzkill,Mickey Darling,I'm Just a Buzzkill,"{'danceability': 0.535, 'energy': 0.731, 'key': 0, 'loudness': -11.281, 'mode': 1, 'speechiness': 0.0324, 'acousticness': 0.618, 'instrumentalness': 2.5e-05, 'liveness': 0.0735, 'valence': 0.609, 'tempo': 139.946, 'type': 'audio_features', 'id': '0VKpBYHBU1dg1xeldJiswJ', 'uri': 'spotify:track:0VKpBYHBU1dg1xeldJiswJ', 'track_href': 'https://api.spotify.com/v1/tracks/0VKpBYHBU1dg1xeldJiswJ', 'analysis_url': 'https://api.spotify.com/v1/audio-analysis/0VKpBYHBU1dg1xeldJiswJ', 'duration_ms': 216000, 'time_signature': 4}",44,42,modern indie pop,216000,2019-03-08
48,orchids,glass beach,the first glass beach album,"{'danceability': 0.199, 'energy': 0.516, 'key': 11, 'loudness': -4.354, 'mode': 1, 'speechiness': 0.0399, 'acousticness': 0.233, 'instrumentalness': 0.00429, 'liveness': 0.212, 'valence': 0.0514, 'tempo': 109.969, 'type': 'audio_features', 'id': '7cF0ZugIiSAmfXnEVu98xZ', 'uri': 'spotify:track:7cF0ZugIiSAmfXnEVu98xZ', 'track_href': 'https://api.spotify.com/v1/tracks/7cF0ZugIiSAmfXnEVu98xZ', 'analysis_url': 'https://api.spotify.com/v1/audio-analysis/7cF0ZugIiSAmfXnEVu98xZ', 'duration_ms': 274000, 'time_signature': 4}",48,37,5th wave emo,274000,2019-05-18
49,The Adults Are Talking,The Strokes,The New Abnormal,"{'danceability': 0.593, 'energy': 0.749, 'key': 5, 'loudness': -5.67, 'mode': 1, 'speechiness': 0.0475, 'acousticness': 0.0113, 'instrumentalness': 0.106, 'liveness': 0.314, 'valence': 0.649, 'tempo': 164.959, 'type': 'audio_features', 'id': '5ruzrDWcT0vuJIOMW7gMnW', 'uri': 'spotify:track:5ruzrDWcT0vuJIOMW7gMnW', 'track_href': 'https://api.spotify.com/v1/tracks/5ruzrDWcT0vuJIOMW7gMnW', 'analysis_url': 'https://api.spotify.com/v1/audio-analysis/5ruzrDWcT0vuJIOMW7gMnW', 'duration_ms': 309053, 'time_signature': 4}",73,82,alternative rock,309053,2020-04-10
50,Care,TEMPOREX,Care,"{'danceability': 0.744, 'energy': 0.189, 'key': 3, 'loudness': -18.448, 'mode': 0, 'speechiness': 0.0342, 'acousticness': 0.89, 'instrumentalness': 0.00214, 'liveness': 0.575, 'valence': 0.49, 'tempo': 79.975, 'type': 'audio_features', 'id': '3ceRaomSZjrE7F5LIEgeUc', 'uri': 'spotify:track:3ceRaomSZjrE7F5LIEgeUc', 'track_href': 'https://api.spotify.com/v1/tracks/3ceRaomSZjrE7F5LIEgeUc', 'analysis_url': 'https://api.spotify.com/v1/audio-analysis/3ceRaomSZjrE7F5LIEgeUc', 'duration_ms': 121500, 'time_signature': 4}",52,45,bedroom pop,121500,2017-01-11
51,Runaway,Jack Stauber,Finite Form,"{'danceability': 0.322, 'energy': 0.502, 'key': 7, 'loudness': -8.796, 'mode': 1, 'speechiness': 0.0323, 'acousticness': 0.0104, 'instrumentalness': 0, 'liveness': 0.113, 'valence': 0.0569, 'tempo': 189.912, 'type': 'audio_features', 'id': '4ZEoR00yNPVcTjlN2Guwtc', 'uri': 'spotify:track:4ZEoR00yNPVcTjlN2Guwtc', 'track_href': 'https://api.spotify.com/v1/tracks/4ZEoR00yNPVcTjlN2Guwtc', 'analysis_url': 'https://api.spotify.com/v1/audio-analysis/4ZEoR00yNPVcTjlN2Guwtc', 'duration_ms': 289042, 'time_signature': 4}",56,38,hypnagogic pop,289041,2013-03-18
52,Spring and a Storm,Tally Hall,Marvin's Marvelous Mechanical Museum,"{'danceability': 0.467, 'energy': 0.743, 'key': 2, 'loudness': -7.214, 'mode': 1, 'speechiness': 0.0446, 'acousticness': 0.197, 'instrumentalness': 0.00732, 'liveness': 0.671, 'valence': 0.341, 'tempo': 137.671, 'type': 'audio_features', 'id': '7i6pxHwCREvogBRpGyMzFX', 'uri': 'spotify:track:7i6pxHwCREvogBRpGyMzFX', 'track_href': 'https://api.spotify.com/v1/tracks/7i6pxHwCREvogBRpGyMzFX', 'analysis_url': 'https://api.spotify.com/v1/audio-analysis/7i6pxHwCREvogBRpGyMzFX', 'duration_ms': 287813, 'time_signature': 4}",62,51,ann arbor indie,287813,2005-10-24
53,Watching Him Fade Away,Mac DeMarco,This Old Dog,"{'danceability': 0.74, 'energy': 0.072, 'key': 3, 'loudness': -17.984, 'mode': 1, 'speechiness': 0.0713, 'acousticness': 0.981, 'instrumentalness': 0.00698, 'liveness': 0.111, 'valence': 0.297, 'tempo': 139.081, 'type': 'audio_features', 'id': '2QzKAF0y1BQhxwg8N05Uog', 'uri': 'spotify:track:2QzKAF0y1BQhxwg8N05Uog', 'track_href': 'https://api.spotify.com/v1/tracks/2QzKAF0y1BQhxwg8N05Uog', 'analysis_url': 'https://api.spotify.com/v1/audio-analysis/2QzKAF0y1BQhxwg8N05Uog', 'duration_ms': 143080, 'time_signature': 4}",76,74,edmonton indie,143080,2017-05-05
54,Spider Dance,Toby Fox,UNDERTALE Soundtrack,"{'danceability': 0.644, 'energy': 0.826, 'key': 1, 'loudness': -9.578, 'mode': 1, 'speechiness': 0.0544, 'acousticness': 0.0431, 'instrumentalness': 0.969, 'liveness': 0.103, 'valence': 0.993, 'tempo': 114.928, 'type': 'audio_features', 'id': '3aiGshuqYhdBBBhHqRf6jn', 'uri': 'spotify:track:3aiGshuqYhdBBBhHqRf6jn', 'track_href': 'https://api.spotify.com/v1/tracks/3aiGshuqYhdBBBhHqRf6jn', 'analysis_url': 'https://api.spotify.com/v1/audio-analysis/3aiGshuqYhdBBBhHqRf6jn', 'duration_ms': 106435, 'time_signature': 4}",67,61,indie game soundtrack,106434,2015-09-15
55,NOW'S YOUR CHANCE TO BE A,Toby Fox,DELTARUNE Chapter 2 (Original Game Soundtrack),"{'danceability': 0.639, 'energy': 0.788, 'key': 6, 'loudness': -8.811, 'mode': 1, 'speechiness': 0.0523, 'acousticness': 0.149, 'instrumentalness': 0.00267, 'liveness': 0.219, 'valence': 0.966, 'tempo': 132.127, 'type': 'audio_features', 'id': '4RZCenPPiY28As8ZzeMYyv', 'uri': 'spotify:track:4RZCenPPiY28As8ZzeMYyv', 'track_href': 'https://api.spotify.com/v1/tracks/4RZCenPPiY28As8ZzeMYyv', 'analysis_url': 'https://api.spotify.com/v1/audio-analysis/4RZCenPPiY28As8ZzeMYyv', 'duration_ms': 67273, 'time_signature': 4}",67,54,indie game soundtrack,67272,2021-09-17
56,When Somebody Needs You [Song],Will Wood,Camp Here & There: Campfire Songs Edition,"{'danceability': 0.42, 'energy': 0.333, 'key': 7, 'loudness': -11.03, 'mode': 1, 'speechiness': 0.0506, 'acousticness': 0.792, 'instrumentalness': 0.000177, 'liveness': 0.161, 'valence': 0.134, 'tempo': 169.904, 'type': 'audio_features', 'id': '2fa0HfPvOcJ8WqcJgUUZYD', 'uri': 'spotify:track:2fa0HfPvOcJ8WqcJgUUZYD', 'track_href': 'https://api.spotify.com/v1/tracks/2fa0HfPvOcJ8WqcJgUUZYD', 'analysis_url': 'https://api.spotify.com/v1/audio-analysis/2fa0HfPvOcJ8WqcJgUUZYD', 'duration_ms': 224491, 'time_signature': 3}",58,39,pov: indie,224490,2022-04-08
57,The Main Character,Will Wood,"""In case I make it,""","{'danceability': 0.638, 'energy': 0.753, 'key': 0, 'loudness': -4.332, 'mode': 1, 'speechiness': 0.0357, 'acousticness': 0.796, 'instrumentalness': 1.58e-06, 'liveness': 0.309, 'valence': 0.669, 'tempo': 107.538, 'type': 'audio_features', 'id': '54A4aGA5rmDBJqD2yFAgJI', 'uri': 'spotify:track:54A4aGA5rmDBJqD2yFAgJI', 'track_href': 'https://api.spotify.com/v1/tracks/54A4aGA5rmDBJqD2yFAgJI', 'analysis_url': 'https://api.spotify.com/v1/audio-analysis/54A4aGA5rmDBJqD2yFAgJI', 'duration_ms': 265146, 'time_signature': 4}",58,62,pov: indie,265145,2022-07-29
58,"2econd 2ight 2eer (that was fun, goodbye.)",Will Wood,The Normal Album,"{'danceability': 0.577, 'energy': 0.962, 'key': 0, 'loudness': -5.304, 'mode': 1, 'speechiness': 0.0554, 'acousticness': 0.0526, 'instrumentalness': 2.82e-05, 'liveness': 0.103, 'valence': 0.701, 'tempo': 150.02, 'type': 'audio_features', 'id': '4jd13hFvWAZKZpomQleZ8L', 'uri': 'spotify:track:4jd13hFvWAZKZpomQleZ8L', 'track_href': 'https://api.spotify.com/v1/tracks/4jd13hFvWAZKZpomQleZ8L', 'analysis_url': 'https://api.spotify.com/v1/audio-analysis/4jd13hFvWAZKZpomQleZ8L', 'duration_ms': 206500, 'time_signature': 4}",58,61,pov: indie,206500,2020-07-10
59,Memento Mori: the most important thing in the world,Will Wood,The Normal Album,"{'danceability': 0.715, 'energy': 0.571, 'key': 0, 'loudness': -8.825, 'mode': 1, 'speechiness': 0.146, 'acousticness': 0.696, 'instrumentalness': 0, 'liveness': 0.725, 'valence': 0.714, 'tempo': 119.857, 'type': 'audio_features', 'id': '0jAxjTvpUG0qDKLebRUuLL', 'uri': 'spotify:track:0jAxjTvpUG0qDKLebRUuLL', 'track_href': 'https://api.spotify.com/v1/tracks/0jAxjTvpUG0qDKLebRUuLL', 'analysis_url': 'https://api.spotify.com/v1/audio-analysis/0jAxjTvpUG0qDKLebRUuLL', 'duration_ms': 169849, 'time_signature': 4}",58,58,pov: indie,169849,2020-07-10
60,I / Me / Myself,Will Wood,The Normal Album,"{'danceability': 0.48, 'energy': 0.954, 'key': 11, 'loudness': -5.273, 'mode': 0, 'speechiness': 0.0584, 'acousticness': 0.165, 'instrumentalness': 5.14e-06, 'liveness': 0.807, 'valence': 0.762, 'tempo': 172.016, 'type': 'audio_features', 'id': '1lqj3wgPj8gHCdq46hUjvr', 'uri': 'spotify:track:1lqj3wgPj8gHCdq46hUjvr', 'track_href': 'https://api.spotify.com/v1/tracks/1lqj3wgPj8gHCdq46hUjvr', 'analysis_url': 'https://api.spotify.com/v1/audio-analysis/1lqj3wgPj8gHCdq46hUjvr', 'duration_ms': 291715, 'time_signature': 4}",58,64,pov: indie,291715,2020-07-10
61,"…well, better than the alternative",Will Wood,The Normal Album,"{'danceability': 0.524, 'energy': 0.802, 'key': 5, 'loudness': -7.357, 'mode': 1, 'speechiness': 0.194, 'acousticness': 0.333, 'instrumentalness': 0, 'liveness': 0.616, 'valence': 0.677, 'tempo': 171.068, 'type': 'audio_features', 'id': '51q8dtQBsoDWAMEcGhKsXa', 'uri': 'spotify:track:51q8dtQBsoDWAMEcGhKsXa', 'track_href': 'https://api.spotify.com/v1/tracks/51q8dtQBsoDWAMEcGhKsXa', 'analysis_url': 'https://api.spotify.com/v1/audio-analysis/51q8dtQBsoDWAMEcGhKsXa', 'duration_ms': 254986, 'time_signature': 4}",58,52,pov: indie,254986,2020-07-10
62,Laplace’s Angel (Hurt People? Hurt People!),Will Wood,The Normal Album,"{'danceability': 0.545, 'energy': 0.94, 'key': 9, 'loudness': -5.765, 'mode': 1, 'speechiness': 0.101, 'acousticness': 0.119, 'instrumentalness': 0, 'liveness': 0.496, 'valence': 0.663, 'tempo': 150.012, 'type': 'audio_features', 'id': '1oHbgg5WYa7WOJC8VoBVYi', 'uri': 'spotify:track:1oHbgg5WYa7WOJC8VoBVYi', 'track_href': 'https://api.spotify.com/v1/tracks/1oHbgg5WYa7WOJC8VoBVYi', 'analysis_url': 'https://api.spotify.com/v1/audio-analysis/1oHbgg5WYa7WOJC8VoBVYi', 'duration_ms': 241879, 'time_signature': 4}",58,60,pov: indie,241878,2020-07-10
63,Better Than Me,The Brobecks,Violent Things,"{'danceability': 0.378, 'energy': 0.665, 'key': 7, 'loudness': -7.386, 'mode': 1, 'speechiness': 0.0428, 'acousticness': 0.00461, 'instrumentalness': 0.000118, 'liveness': 0.0575, 'valence': 0.431, 'tempo': 169.981, 'type': 'audio_features', 'id': '2ACs0dJwkSsvNZvEbvFurK', 'uri': 'spotify:track:2ACs0dJwkSsvNZvEbvFurK', 'track_href': 'https://api.spotify.com/v1/tracks/2ACs0dJwkSsvNZvEbvFurK', 'analysis_url': 'https://api.spotify.com/v1/audio-analysis/2ACs0dJwkSsvNZvEbvFurK', 'duration_ms': 267467, 'time_signature': 4}",48,65,piano rock,267466,2009-04-25
64,i'm so tired,KevinKempt,i'm so tired,"{'danceability': 0.261, 'energy': 0.163, 'key': 11, 'loudness': -19.812, 'mode': 1, 'speechiness': 0.0384, 'acousticness': 0.842, 'instrumentalness': 0.336, 'liveness': 0.102, 'valence': 0.0389, 'tempo': 65.048, 'type': 'audio_features', 'id': '6dmGgLox1ArHlUcChphChv', 'uri': 'spotify:track:6dmGgLox1ArHlUcChphChv', 'track_href': 'https://api.spotify.com/v1/tracks/6dmGgLox1ArHlUcChphChv', 'analysis_url': 'https://api.spotify.com/v1/audio-analysis/6dmGgLox1ArHlUcChphChv', 'duration_ms': 141161, 'time_signature': 4}",33,33,weirdcore,141160,2022-06-24
65,Aurora Borealis,Lemon Demon,I Am Become Christmas EP,"{'danceability': 0.586, 'energy': 0.857, 'key': 8, 'loudness': -8.815, 'mode': 1, 'speechiness': 0.0542, 'acousticness': 0.0242, 'instrumentalness': 0, 'liveness': 0.131, 'valence': 0.512, 'tempo': 133.06, 'type': 'audio_features', 'id': '3vp1kmuUpegxsg5c5aSlOj', 'uri': 'spotify:track:3vp1kmuUpegxsg5c5aSlOj', 'track_href': 'https://api.spotify.com/v1/tracks/3vp1kmuUpegxsg5c5aSlOj', 'analysis_url': 'https://api.spotify.com/v1/audio-analysis/3vp1kmuUpegxsg5c5aSlOj', 'duration_ms': 200818, 'time_signature': 4}",59,39,indietronica,200818,2012-12-21
66,Hermit the Frog,MARINA,The Family Jewels,"{'danceability': 0.609, 'energy': 0.679, 'key': 0, 'loudness': -4.545, 'mode': 1, 'speechiness': 0.0312, 'acousticness': 0.243, 'instrumentalness': 0, 'liveness': 0.199, 'valence': 0.487, 'tempo': 122.034, 'type': 'audio_features', 'id': '4Zcz6saEkOII3PlXd9gN3o', 'uri': 'spotify:track:4Zcz6saEkOII3PlXd9gN3o', 'track_href': 'https://api.spotify.com/v1/tracks/4Zcz6saEkOII3PlXd9gN3o', 'analysis_url': 'https://api.spotify.com/v1/audio-analysis/4Zcz6saEkOII3PlXd9gN3o', 'duration_ms': 215960, 'time_signature': 4}",69,66,metropopolis,215960,2009-07-15
67,I Hate My Mom,GRLwood,I Sold My Soul to the Devil When I Was 12,"{'danceability': 0.369, 'energy': 0.864, 'key': 9, 'loudness': -8.104, 'mode': 1, 'speechiness': 0.418, 'acousticness': 0.121, 'instrumentalness': 0.317, 'liveness': 0.103, 'valence': 0.164, 'tempo': 163.078, 'type': 'audio_features', 'id': '051nqR620urZn0vaTzAzoz', 'uri': 'spotify:track:051nqR620urZn0vaTzAzoz', 'track_href': 'https://api.spotify.com/v1/tracks/051nqR620urZn0vaTzAzoz', 'analysis_url': 'https://api.spotify.com/v1/audio-analysis/051nqR620urZn0vaTzAzoz', 'duration_ms': 153052, 'time_signature': 4}",51,0,louisville indie,153051,2019-08-02
68,Pad Thai,Jack Stauber,HiLo,"{'danceability': 0.447, 'energy': 0.644, 'key': 0, 'loudness': -6.533, 'mode': 1, 'speechiness': 0.0541, 'acousticness': 0.384, 'instrumentalness': 0.829, 'liveness': 0.62, 'valence': 0.876, 'tempo': 163.978, 'type': 'audio_features', 'id': '5vSUfg2FWq02DIeNqLZUDJ', 'uri': 'spotify:track:5vSUfg2FWq02DIeNqLZUDJ', 'track_href': 'https://api.spotify.com/v1/tracks/5vSUfg2FWq02DIeNqLZUDJ', 'analysis_url': 'https://api.spotify.com/v1/audio-analysis/5vSUfg2FWq02DIeNqLZUDJ', 'duration_ms': 164409, 'time_signature': 4}",56,42,hypnagogic pop,164408,2018-04-14
69,Kitchen Fork,Jack Conte,"VideoSongs, Vol. 2","{'danceability': 0.305, 'energy': 0.453, 'key': 7, 'loudness': -7.723, 'mode': 1, 'speechiness': 0.0299, 'acousticness': 0.108, 'instrumentalness': 0.000886, 'liveness': 0.115, 'valence': 0.223, 'tempo': 161.019, 'type': 'audio_features', 'id': '2VRxD9DQCrQscfKLoGpYOU', 'uri': 'spotify:track:2VRxD9DQCrQscfKLoGpYOU', 'track_href': 'https://api.spotify.com/v1/tracks/2VRxD9DQCrQscfKLoGpYOU', 'analysis_url': 'https://api.spotify.com/v1/audio-analysis/2VRxD9DQCrQscfKLoGpYOU', 'duration_ms': 229193, 'time_signature': 3}",36,48,weirdcore,229192,2014-06-07
70,Blow My Brains Out,Tikkle Me,Tikkle Me,"{'danceability': 0.55, 'energy': 0.884, 'key': 9, 'loudness': -5.508, 'mode': 1, 'speechiness': 0.0363, 'acousticness': 0.0867, 'instrumentalness': 1.55e-05, 'liveness': 0.68, 'valence': 0.549, 'tempo': 145.029, 'type': 'audio_features', 'id': '4ZlQzskKkK4jsbcqO96luB', 'uri': 'spotify:track:4ZlQzskKkK4jsbcqO96luB', 'track_href': 'https://api.spotify.com/v1/tracks/4ZlQzskKkK4jsbcqO96luB', 'analysis_url': 'https://api.spotify.com/v1/audio-analysis/4ZlQzskKkK4jsbcqO96luB', 'duration_ms': 222404, 'time_signature': 4}",46,67,swedish electropop,222403,2010-03-23
71,Brave as a Noun,AJJ,People Who Can Eat People Are the Luckiest People in the World,"{'danceability': 0.492, 'energy': 0.611, 'key': 0, 'loudness': -6.438, 'mode': 1, 'speechiness': 0.102, 'acousticness': 0.193, 'instrumentalness': 0, 'liveness': 0.691, 'valence': 0.933, 'tempo': 182.529, 'type': 'audio_features', 'id': '6bfPo8Ge3VoD4dEGSDs0R9', 'uri': 'spotify:track:6bfPo8Ge3VoD4dEGSDs0R9', 'track_href': 'https://api.spotify.com/v1/tracks/6bfPo8Ge3VoD4dEGSDs0R9', 'analysis_url': 'https://api.spotify.com/v1/audio-analysis/6bfPo8Ge3VoD4dEGSDs0R9', 'duration_ms': 74960, 'time_signature': 4}",49,55,acoustic punk,74960,2007-09-11
72,Plea from a Cat Named Virtute,The Weakerthans,Reconstruction Site,"{'danceability': 0.376, 'energy': 0.722, 'key': 1, 'loudness': -5.617, 'mode': 1, 'speechiness': 0.0517, 'acousticness': 0.0308, 'instrumentalness': 0.00176, 'liveness': 0.0322, 'valence': 0.411, 'tempo': 140.315, 'type': 'audio_features', 'id': '6FfMiOK3Ma2GNAbjbGxFVn', 'uri': 'spotify:track:6FfMiOK3Ma2GNAbjbGxFVn', 'track_href': 'https://api.spotify.com/v1/tracks/6FfMiOK3Ma2GNAbjbGxFVn', 'analysis_url': 'https://api.spotify.com/v1/audio-analysis/6FfMiOK3Ma2GNAbjbGxFVn', 'duration_ms': 229667, 'time_signature': 4}",36,39,canadian indie,229666,2003-08-26
73,Ibitbt,3l3d3p,Ibitbt,"{'danceability': 0.586, 'energy': 0.928, 'key': 1, 'loudness': -5.864, 'mode': 1, 'speechiness': 0.201, 'acousticness': 0.0273, 'instrumentalness': 0.0159, 'liveness': 0.131, 'valence': 0.646, 'tempo': 170.058, 'type': 'audio_features', 'id': '2xUJ4frQcK7zBbJSr1GcUY', 'uri': 'spotify:track:2xUJ4frQcK7zBbJSr1GcUY', 'track_href': 'https://api.spotify.com/v1/tracks/2xUJ4frQcK7zBbJSr1GcUY', 'analysis_url': 'https://api.spotify.com/v1/audio-analysis/2xUJ4frQcK7zBbJSr1GcUY', 'duration_ms': 144000, 'time_signature': 4}",27,45,weirdcore,144000,2020-05-22
74,Spoiled little brat,underscores,fishmonger,"{'danceability': 0.504, 'energy': 0.829, 'key': 5, 'loudness': -4.528, 'mode': 1, 'speechiness': 0.0989, 'acousticness': 0.236, 'instrumentalness': 1.18e-05, 'liveness': 0.355, 'valence': 0.419, 'tempo': 172.013, 'type': 'audio_features', 'id': '724utiMbqUfT1g3tqbfQYu', 'uri': 'spotify:track:724utiMbqUfT1g3tqbfQYu', 'track_href': 'https://api.spotify.com/v1/tracks/724utiMbqUfT1g3tqbfQYu', 'analysis_url': 'https://api.spotify.com/v1/audio-analysis/724utiMbqUfT1g3tqbfQYu', 'duration_ms': 199797, 'time_signature': 4}",45,47,hyperpop,199796,2021-03-25
75,I Am Shit,Crywank,Tomorrow Is Nearly Yesterday and Everyday Is Stupid,"{'danceability': 0.577, 'energy': 0.598, 'key': 9, 'loudness': -12.085, 'mode': 1, 'speechiness': 0.0323, 'acousticness': 0.796, 'instrumentalness': 4.36e-06, 'liveness': 0.131, 'valence': 0.765, 'tempo': 154.391, 'type': 'audio_features', 'id': '17kb0GRFY45a2Z6JFbVBQO', 'uri': 'spotify:track:17kb0GRFY45a2Z6JFbVBQO', 'track_href': 'https://api.spotify.com/v1/tracks/17kb0GRFY45a2Z6JFbVBQO', 'analysis_url': 'https://api.spotify.com/v1/audio-analysis/17kb0GRFY45a2Z6JFbVBQO', 'duration_ms': 128667, 'time_signature': 4}",45,0,pov: indie,128666,2015-09-25
76,Joe,AJR,OK ORCHESTRA,"{'danceability': 0.536, 'energy': 0.479, 'key': 0, 'loudness': -8.609, 'mode': 1, 'speechiness': 0.0933, 'acousticness': 0.264, 'instrumentalness': 0, 'liveness': 0.113, 'valence': 0.446, 'tempo': 153.62, 'type': 'audio_features', 'id': '3V6lJbJdVTZCLVpuA8r72s', 'uri': 'spotify:track:3V6lJbJdVTZCLVpuA8r72s', 'track_href': 'https://api.spotify.com/v1/tracks/3V6lJbJdVTZCLVpuA8r72s', 'analysis_url': 'https://api.spotify.com/v1/audio-analysis/3V6lJbJdVTZCLVpuA8r72s', 'duration_ms': 212435, 'time_signature': 4}",70,0,pov: indie,212435,2021-03-26
77,Insane,Judah & the Lion,Folk Hop N' Roll (Deluxe),"{'danceability': 0.413, 'energy': 0.658, 'key': 1, 'loudness': -6.617, 'mode': 1, 'speechiness': 0.0314, 'acousticness': 3.38e-05, 'instrumentalness': 0.000526, 'liveness': 0.126, 'valence': 0.054, 'tempo': 140.027, 'type': 'audio_features', 'id': '5ay9RXbyu5uaUlAvYdQi04', 'uri': 'spotify:track:5ay9RXbyu5uaUlAvYdQi04', 'track_href': 'https://api.spotify.com/v1/tracks/5ay9RXbyu5uaUlAvYdQi04', 'analysis_url': 'https://api.spotify.com/v1/audio-analysis/5ay9RXbyu5uaUlAvYdQi04', 'duration_ms': 213880, 'time_signature': 4}",52,0,banjo,213880,2017-03-10
78,Bumblebees Are Out,Jack Stauber's Micropop,Micropop,"{'danceability': 0.881, 'energy': 0.364, 'key': 6, 'loudness': -14.65, 'mode': 0, 'speechiness': 0.507, 'acousticness': 0.994, 'instrumentalness': 0.951, 'liveness': 0.256, 'valence': 0.791, 'tempo': 117.531, 'type': 'audio_features', 'id': '14jUd8RethwaeDEjfDcVL4', 'uri': 'spotify:track:14jUd8RethwaeDEjfDcVL4', 'track_href': 'https://api.spotify.com/v1/tracks/14jUd8RethwaeDEjfDcVL4', 'analysis_url': 'https://api.spotify.com/v1/audio-analysis/14jUd8RethwaeDEjfDcVL4', 'duration_ms': 32014, 'time_signature': 4}",63,54,pov: indie,32014,2019-05-30
79,Runs in the Family,Amanda Palmer,Who Killed Amanda Palmer (Deluxe Version),"{'danceability': 0.577, 'energy': 0.721, 'key': 5, 'loudness': -5.504, 'mode': 1, 'speechiness': 0.0565, 'acousticness': 0.547, 'instrumentalness': 0, 'liveness': 0.162, 'valence': 0.755, 'tempo': 142.39, 'type': 'audio_features', 'id': '0GdiWLQt5VYtMEcero6AOW', 'uri': 'spotify:track:0GdiWLQt5VYtMEcero6AOW', 'track_href': 'https://api.spotify.com/v1/tracks/0GdiWLQt5VYtMEcero6AOW', 'analysis_url': 'https://api.spotify.com/v1/audio-analysis/0GdiWLQt5VYtMEcero6AOW', 'duration_ms': 164427, 'time_signature': 3}",38,51,dark cabaret,164426,2008-09-12
80,SNOWCONE,REI AMI,SNOWCONE,"{'danceability': 0.755, 'energy': 0.61, 'key': 8, 'loudness': -7.507, 'mode': 1, 'speechiness': 0.0854, 'acousticness': 0.528, 'instrumentalness': 0.00372, 'liveness': 0.343, 'valence': 0.568, 'tempo': 128.97, 'type': 'audio_features', 'id': '00P1RGdQvHcyuW1ililPdI', 'uri': 'spotify:track:00P1RGdQvHcyuW1ililPdI', 'track_href': 'https://api.spotify.com/v1/tracks/00P1RGdQvHcyuW1ililPdI', 'analysis_url': 'https://api.spotify.com/v1/audio-analysis/00P1RGdQvHcyuW1ililPdI', 'duration_ms': 155649, 'time_signature': 4}",50,45,alt z,155649,2019-09-25
81,Alien Boy - Big Data Remix,Oliver Tree,Alien Boy (Big Data Remix),"{'danceability': 0.865, 'energy': 0.581, 'key': 1, 'loudness': -6.187, 'mode': 1, 'speechiness': 0.114, 'acousticness': 0.0927, 'instrumentalness': 0, 'liveness': 0.0898, 'valence': 0.827, 'tempo': 136.053, 'type': 'audio_features', 'id': '4HWuBSTyTKJF7BXWwu9jjB', 'uri': 'spotify:track:4HWuBSTyTKJF7BXWwu9jjB', 'track_href': 'https://api.spotify.com/v1/tracks/4HWuBSTyTKJF7BXWwu9jjB', 'analysis_url': 'https://api.spotify.com/v1/audio-analysis/4HWuBSTyTKJF7BXWwu9jjB', 'duration_ms': 180000, 'time_signature': 4}",67,29,alternative hip hop,180000,2018-10-05
82,People I Don't Like,UPSAHL,People I Don't Like,"{'danceability': 0.747, 'energy': 0.573, 'key': 11, 'loudness': -6.562, 'mode': 0, 'speechiness': 0.295, 'acousticness': 0.268, 'instrumentalness': 0, 'liveness': 0.302, 'valence': 0.551, 'tempo': 90.036, 'type': 'audio_features', 'id': '5srKMwXoeyrRnyTnNbpgIW', 'uri': 'spotify:track:5srKMwXoeyrRnyTnNbpgIW', 'track_href': 'https://api.spotify.com/v1/tracks/5srKMwXoeyrRnyTnNbpgIW', 'analysis_url': 'https://api.spotify.com/v1/audio-analysis/5srKMwXoeyrRnyTnNbpgIW', 'duration_ms': 142766, 'time_signature': 4}",55,67,alt z,142765,2020-07-17
83,Origami,The Rare Occasions,Big Whoop,"{'danceability': 0.483, 'energy': 0.802, 'key': 11, 'loudness': -6.463, 'mode': 1, 'speechiness': 0.0552, 'acousticness': 0.00703, 'instrumentalness': 0.0137, 'liveness': 0.245, 'valence': 0.627, 'tempo': 129.933, 'type': 'audio_features', 'id': '3qpyxgH65qNhJ9hLS2gWrS', 'uri': 'spotify:track:3qpyxgH65qNhJ9hLS2gWrS', 'track_href': 'https://api.spotify.com/v1/tracks/3qpyxgH65qNhJ9hLS2gWrS', 'analysis_url': 'https://api.spotify.com/v1/audio-analysis/3qpyxgH65qNhJ9hLS2gWrS', 'duration_ms': 174182, 'time_signature': 4}",62,61,la indie,174182,2021-06-18
84,Christmas Kids,Roar,I Can't Handle Change,"{'danceability': 0.425, 'energy': 0.754, 'key': 2, 'loudness': -6.028, 'mode': 1, 'speechiness': 0.0367, 'acousticness': 0.0104, 'instrumentalness': 0.112, 'liveness': 0.438, 'valence': 0.558, 'tempo': 152.092, 'type': 'audio_features', 'id': '40gk32E7YaTFoQwDIWv2SY', 'uri': 'spotify:track:40gk32E7YaTFoQwDIWv2SY', 'track_href': 'https://api.spotify.com/v1/tracks/40gk32E7YaTFoQwDIWv2SY', 'analysis_url': 'https://api.spotify.com/v1/audio-analysis/40gk32E7YaTFoQwDIWv2SY', 'duration_ms': 135693, 'time_signature': 4}",62,57,pov: indie,135693,2010-03-14
85,Help,Pink Guy,Pink Season,"{'danceability': 0.837, 'energy': 0.554, 'key': 2, 'loudness': -10.165, 'mode': 1, 'speechiness': 0.109, 'acousticness': 0.734, 'instrumentalness': 5.6e-05, 'liveness': 0.129, 'valence': 0.676, 'tempo': 117.012, 'type': 'audio_features', 'id': '2SmXJEhm1yJvXK6Hx4XAYT', 'uri': 'spotify:track:2SmXJEhm1yJvXK6Hx4XAYT', 'track_href': 'https://api.spotify.com/v1/tracks/2SmXJEhm1yJvXK6Hx4XAYT', 'analysis_url': 'https://api.spotify.com/v1/audio-analysis/2SmXJEhm1yJvXK6Hx4XAYT', 'duration_ms': 165040, 'time_signature': 4}",48,47,comedy rap,165040,2017-01-04
86,yoshi's island,glass beach,the first glass beach album,"{'danceability': 0.658, 'energy': 0.65, 'key': 9, 'loudness': -6.255, 'mode': 1, 'speechiness': 0.0315, 'acousticness': 0.273, 'instrumentalness': 0.000426, 'liveness': 0.11, 'valence': 0.675, 'tempo': 144.966, 'type': 'audio_features', 'id': '0VRQADlw43O3JTGp5KkEn7', 'uri': 'spotify:track:0VRQADlw43O3JTGp5KkEn7', 'track_href': 'https://api.spotify.com/v1/tracks/0VRQADlw43O3JTGp5KkEn7', 'analysis_url': 'https://api.spotify.com/v1/audio-analysis/0VRQADlw43O3JTGp5KkEn7', 'duration_ms': 378814, 'time_signature': 4}",48,45,5th wave emo,378813,2019-05-18
87,A Mask of My Own Face,Lemon Demon,Nature Tapes,"{'danceability': 0.811, 'energy': 0.315, 'key': 0, 'loudness': -11.55, 'mode': 1, 'speechiness': 0.0438, 'acousticness': 0.0439, 'instrumentalness': 0, 'liveness': 0.126, 'valence': 0.972, 'tempo': 100.024, 'type': 'audio_features', 'id': '6ibbHAoBrdqJxo345QGumd', 'uri': 'spotify:track:6ibbHAoBrdqJxo345QGumd', 'track_href': 'https://api.spotify.com/v1/tracks/6ibbHAoBrdqJxo345QGumd', 'analysis_url': 'https://api.spotify.com/v1/audio-analysis/6ibbHAoBrdqJxo345QGumd', 'duration_ms': 210815, 'time_signature': 4}",59,55,indietronica,210814,2014-11-02
88,505,Arctic Monkeys,Favourite Worst Nightmare (Standard Version),"{'danceability': 0.52, 'energy': 0.852, 'key': 0, 'loudness': -5.866, 'mode': 1, 'speechiness': 0.0543, 'acousticness': 0.00237, 'instrumentalness': 5.79e-05, 'liveness': 0.0733, 'valence': 0.234, 'tempo': 140.267, 'type': 'audio_features', 'id': '58ge6dfP91o9oXMzq3XkIS', 'uri': 'spotify:track:58ge6dfP91o9oXMzq3XkIS', 'track_href': 'https://api.spotify.com/v1/tracks/58ge6dfP91o9oXMzq3XkIS', 'analysis_url': 'https://api.spotify.com/v1/audio-analysis/58ge6dfP91o9oXMzq3XkIS', 'duration_ms': 253587, 'time_signature': 4}",82,80,garage rock,253586,2007-04-24
89,Always Forever,Cults,Static,"{'danceability': 0.174, 'energy': 0.742, 'key': 8, 'loudness': -5.93, 'mode': 1, 'speechiness': 0.0485, 'acousticness': 0.00181, 'instrumentalness': 0.281, 'liveness': 0.198, 'valence': 0.36, 'tempo': 163.378, 'type': 'audio_features', 'id': '2enPRFda84VE2wtI8c86Uf', 'uri': 'spotify:track:2enPRFda84VE2wtI8c86Uf', 'track_href': 'https://api.spotify.com/v1/tracks/2enPRFda84VE2wtI8c86Uf', 'analysis_url': 'https://api.spotify.com/v1/audio-analysis/2enPRFda84VE2wtI8c86Uf', 'duration_ms': 223747, 'time_signature': 4}",66,81,experimental pop,223746,2013-10-15
90,Are You Bored Yet? (feat. Clairo),Wallows,Nothing Happens,"{'danceability': 0.682, 'energy': 0.683, 'key': 8, 'loudness': -6.444, 'mode': 0, 'speechiness': 0.0287, 'acousticness': 0.156, 'instrumentalness': 2.32e-05, 'liveness': 0.273, 'valence': 0.64, 'tempo': 120.023, 'type': 'audio_features', 'id': '57RA3JGafJm5zRtKJiKPIm', 'uri': 'spotify:track:57RA3JGafJm5zRtKJiKPIm', 'track_href': 'https://api.spotify.com/v1/tracks/57RA3JGafJm5zRtKJiKPIm', 'analysis_url': 'https://api.spotify.com/v1/audio-analysis/57RA3JGafJm5zRtKJiKPIm', 'duration_ms': 178000, 'time_signature': 4}",69,82,pov: indie,178000,2019-03-22
91,As It Was,Harry Styles,Harry's House,"{'danceability': 0.52, 'energy': 0.731, 'key': 6, 'loudness': -5.338, 'mode': 0, 'speechiness': 0.0557, 'acousticness': 0.342, 'instrumentalness': 0.00101, 'liveness': 0.311, 'valence': 0.662, 'tempo': 173.93, 'type': 'audio_features', 'id': '4Dvkj6JhhA12EX05fT7y2e', 'uri': 'spotify:track:4Dvkj6JhhA12EX05fT7y2e', 'track_href': 'https://api.spotify.com/v1/tracks/4Dvkj6JhhA12EX05fT7y2e', 'analysis_url': 'https://api.spotify.com/v1/audio-analysis/4Dvkj6JhhA12EX05fT7y2e', 'duration_ms': 167303, 'time_signature': 4}",82,91,pop,167303,2022-05-20
92,Break It Off - Bonus,PinkPantheress,to hell with it,"{'danceability': 0.552, 'energy': 0.904, 'key': 11, 'loudness': -4.891, 'mode': 0, 'speechiness': 0.114, 'acousticness': 0.0027, 'instrumentalness': 8.85e-06, 'liveness': 0.0786, 'valence': 0.746, 'tempo': 171.788, 'type': 'audio_features', 'id': '78ul3D77noQsYjSwvwiPU1', 'uri': 'spotify:track:78ul3D77noQsYjSwvwiPU1', 'track_href': 'https://api.spotify.com/v1/tracks/78ul3D77noQsYjSwvwiPU1', 'analysis_url': 'https://api.spotify.com/v1/audio-analysis/78ul3D77noQsYjSwvwiPU1', 'duration_ms': 96133, 'time_signature': 4}",72,73,bedroom pop,96133,2021-10-15
93,Bruno is Orange,"Hop Along, Queen Ansleis",Freshman Year,"{'danceability': 0.549, 'energy': 0.401, 'key': 2, 'loudness': -9.841, 'mode': 1, 'speechiness': 0.439, 'acousticness': 0.686, 'instrumentalness': 0.000121, 'liveness': 0.364, 'valence': 0.417, 'tempo': 160.994, 'type': 'audio_features', 'id': '4pY1okPrJvIPBQM0t4i28v', 'uri': 'spotify:track:4pY1okPrJvIPBQM0t4i28v', 'track_href': 'https://api.spotify.com/v1/tracks/4pY1okPrJvIPBQM0t4i28v', 'analysis_url': 'https://api.spotify.com/v1/audio-analysis/4pY1okPrJvIPBQM0t4i28v', 'duration_ms': 202247, 'time_signature': 3}",49,70,,202246,2020-09-04
94,Buddy Holly,Weezer,Weezer,"{'danceability': 0.556, 'energy': 0.92, 'key': 8, 'loudness': -4.606, 'mode': 1, 'speechiness': 0.0367, 'acousticness': 0.00271, 'instrumentalness': 0.00021, 'liveness': 0.117, 'valence': 0.771, 'tempo': 121.138, 'type': 'audio_features', 'id': '3mwvKOyMmG77zZRunnxp9E', 'uri': 'spotify:track:3mwvKOyMmG77zZRunnxp9E', 'track_href': 'https://api.spotify.com/v1/tracks/3mwvKOyMmG77zZRunnxp9E', 'analysis_url': 'https://api.spotify.com/v1/audio-analysis/3mwvKOyMmG77zZRunnxp9E', 'duration_ms': 159227, 'time_signature': 4}",70,76,alternative rock,159226,1994-05-10
95,The Cactus,"Hop Along, Queen Ansleis",Freshman Year,"{'danceability': 0.469, 'energy': 0.569, 'key': 11, 'loudness': -9.49, 'mode': 1, 'speechiness': 0.19, 'acousticness': 0.52, 'instrumentalness': 1.86e-06, 'liveness': 0.129, 'valence': 0.511, 'tempo': 98.857, 'type': 'audio_features', 'id': '72q6LBo0Uz1Sca3snGlNnY', 'uri': 'spotify:track:72q6LBo0Uz1Sca3snGlNnY', 'track_href': 'https://api.spotify.com/v1/tracks/72q6LBo0Uz1Sca3snGlNnY', 'analysis_url': 'https://api.spotify.com/v1/audio-analysis/72q6LBo0Uz1Sca3snGlNnY', 'duration_ms': 228317, 'time_signature': 4}",49,31,,228317,2020-09-04
96,Christmas in June,AJR,OK ORCHESTRA,"{'danceability': 0.626, 'energy': 0.457, 'key': 4, 'loudness': -8.464, 'mode': 1, 'speechiness': 0.0341, 'acousticness': 0.38, 'instrumentalness': 0, 'liveness': 0.113, 'valence': 0.309, 'tempo': 130.844, 'type': 'audio_features', 'id': '4YyBL0KHcqo3LclmmMrl8g', 'uri': 'spotify:track:4YyBL0KHcqo3LclmmMrl8g', 'track_href': 'https://api.spotify.com/v1/tracks/4YyBL0KHcqo3LclmmMrl8g', 'analysis_url': 'https://api.spotify.com/v1/audio-analysis/4YyBL0KHcqo3LclmmMrl8g', 'duration_ms': 279337, 'time_signature': 4}",70,1,pov: indie,279337,2021-03-26
97,cold weather,glass beach,the first glass beach album,"{'danceability': 0.341, 'energy': 0.661, 'key': 10, 'loudness': -4.251, 'mode': 1, 'speechiness': 0.0335, 'acousticness': 0.00422, 'instrumentalness': 0, 'liveness': 0.103, 'valence': 0.675, 'tempo': 154.99, 'type': 'audio_features', 'id': '50u2y4zgROMZq2db8Qx94B', 'uri': 'spotify:track:50u2y4zgROMZq2db8Qx94B', 'track_href': 'https://api.spotify.com/v1/tracks/50u2y4zgROMZq2db8Qx94B', 'analysis_url': 'https://api.spotify.com/v1/audio-analysis/50u2y4zgROMZq2db8Qx94B', 'duration_ms': 138119, 'time_signature': 4}",48,56,5th wave emo,138119,2019-05-18
98,Cupid,Jack Stauber's Micropop,Dinner Is Not Over / There's Something Happening / Keyman / Cupid,"{'danceability': 0.572, 'energy': 0.514, 'key': 3, 'loudness': -6.607, 'mode': 1, 'speechiness': 0.0254, 'acousticness': 0.942, 'instrumentalness': 0.814, 'liveness': 0.415, 'valence': 0.442, 'tempo': 82.841, 'type': 'audio_features', 'id': '2t7RNUa8I8fbZAEAmZOkBl', 'uri': 'spotify:track:2t7RNUa8I8fbZAEAmZOkBl', 'track_href': 'https://api.spotify.com/v1/tracks/2t7RNUa8I8fbZAEAmZOkBl', 'analysis_url': 'https://api.spotify.com/v1/audio-analysis/2t7RNUa8I8fbZAEAmZOkBl', 'duration_ms': 220245, 'time_signature': 4}",63,67,pov: indie,220245,2020-02-07
99,Daydreaming,Harry Styles,Harry's House,"{'danceability': 0.707, 'energy': 0.811, 'key': 4, 'loudness': -5.298, 'mode': 0, 'speechiness': 0.0304, 'acousticness': 0.311, 'instrumentalness': 0.0152, 'liveness': 0.131, 'valence': 0.899, 'tempo': 113.971, 'type': 'audio_features', 'id': '69w5X6uTrOaWM32IetSzvO', 'uri': 'spotify:track:69w5X6uTrOaWM32IetSzvO', 'track_href': 'https://api.spotify.com/v1/tracks/69w5X6uTrOaWM32IetSzvO', 'analysis_url': 'https://api.spotify.com/v1/audio-analysis/69w5X6uTrOaWM32IetSzvO', 'duration_ms': 187342, 'time_signature': 4}",82,70,pop,187342,2022-05-20
